model,val_mae,val_rmse,val_r2,val_mape,test_mae,test_rmse,test_r2,test_mape
random_forest,71.43095494194897,864.2005850814141,0.7179610587479264,26.44973019361565,59.68096221536422,488.8192562804456,0.8357418888377635,46.04403495827721
